,neg_macd_30m_12h,neg_macd_30m_60d,neg_macd_30m_7d,neg_macd_hist_12h_7d_30m,neg_macd_hist_30m_30d_90d,neg_macd_hist_30m_3d_7d,neg_vwap_deviation_15d,neg_vwap_deviation_1d,neg_vwap_deviation_30d,neg_vwap_deviation_7d
2025-03-04,0.09282037483187329,0.3954796028243389,0.33599877056953437,0.07380059484312296,0.3642244272812545,0.2021299781596067,0.36158139639580505,0.08121097945189044,0.36625664660565865,0.3542473705072584
2025-03-05,0.7530373563925867,0.36737048816006646,0.40894208944076726,0.748731778407834,0.3579159041469048,0.5512341338423383,0.3756726347693097,0.5851583671901689,0.36267277225965355,0.42860366856466814
2025-03-06,0.14554067135673596,0.22529826334695388,0.11658634428477423,0.14665434180617815,0.223245310585386,-0.0009145219523360417,0.2507418347272763,0.07838766591408632,0.2943924221389935,0.15288670360703885
2025-03-07,0.3892941208051703,0.41304858861167415,0.37462765541244136,0.38805660971826084,0.42859225090730196,0.43066582498566347,0.4687179256815755,0.5802051724959214,0.4718635866241298,0.1653633582138267
2025-03-08,0.3637579630700503,0.7285387860309599,0.6261746776647947,0.34842225953310846,0.6531841292305036,0.3027164957753555,0.6482837849764672,0.23168544967922164,0.8271156648304346,0.8318153209160252
2025-03-09,0.2387908771885155,0.2148320735650747,0.22091553072814785,0.2389244839609007,0.22200364080961638,0.2454093797536043,0.22920368268192923,0.25706727344289654,0.23082986847223821,0.22152430617719604
2025-03-10,0.4205101563440975,0.37415630330108895,0.46514422845586173,0.4119120008008415,0.4113382062661018,0.5971824951414726,0.38121625043579765,0.5395511648966371,0.37775555610342937,0.4848834589272352
2025-03-11,0.7612228969179354,0.6603769341392725,0.6368796153254768,0.7567294217450016,0.6463169636656272,0.6420436480756043,0.655819314046187,0.6661329017980238,0.6654269160336075,0.6642407410211845
2025-03-12,0.6077124983618516,0.4658435371700308,0.4350566632009206,0.6190737931948181,0.40211744506100416,0.673125156121654,0.4416679453130812,0.804071375191659,0.45115367782578686,0.3178278019479939
2025-03-13,0.25586961172259487,0.5562897228367899,0.5352154463685566,0.21853009589190805,0.5575922716684731,0.4633292630349858,0.5378865043883011,0.45755551695439317,0.5325017279545852,0.5263807135619409
2025-03-14,0.3652129185447285,0.5075709762287562,0.4993137458364511,0.30356199300242726,0.5009175881780445,0.4823127914396401,0.52881952283757,0.25712593844206205,0.5345453090500448,0.5352173106764645
2025-03-15,0.6155981967315323,0.6840695138175951,0.7856504339569796,0.5993731325608467,0.6525474958315495,0.45783274640450067,0.7094289934361654,0.6013376893745715,0.6917132152619985,0.7464626438295479
2025-03-16,0.7748428915383176,0.7317261493975054,0.6754271504869795,0.7722460067906508,0.7443158575861577,0.6444782240467658,0.6818396773703738,0.7297622818304551,0.716283205670173,0.6795944848208307
2025-03-17,0.624710680465574,0.6623583350819214,0.687763615527106,0.608958071023211,0.6520626383482837,0.6748470346797967,0.68087662375008,0.6820365319724645,0.6795518244518063,0.6949149846288297
2025-03-18,0.08199010268062831,0.6267604023750072,0.6076405511528304,0.010955717126199463,0.6163250480038724,0.5063091292703579,0.5408827809358739,0.2369682235703522,0.6211681816114452,0.6470569447800678
2025-03-19,0.17362548840104955,-0.021806910311839855,-0.017163221589879527,0.21815606893024972,-0.025578838586036587,-0.01874564662093643,0.03882317618985099,0.20899162781962535,0.015772450399441702,0.040159103213619145
2025-03-20,0.47814771867071515,0.5331772188114484,0.4685722008701691,0.47466001502525557,0.5225964627914945,0.40613853868552235,0.5900599561644588,0.44191361040559196,0.5702838775525191,0.5075756532700002
2025-03-21,0.33987259612692694,0.6224799606054159,0.638948980482281,0.2950399038337041,0.6251952417684451,0.5654663307120671,0.525949223689941,0.038091172799952756,0.6647613296826937,0.6784824869579941
2025-03-22,0.47748567443840684,0.8158981942954026,0.5674826244977889,0.4668283996178422,0.7933165373812765,0.6926493392847006,0.678753449152483,0.3735733551994032,0.8407881011325163,0.6537080409286368
2025-03-23,0.11418998922797347,-0.18656123219443255,-0.13974081515267064,0.15421113636166306,-0.17802084169428584,-0.1047938341735754,-0.15236719688549527,-0.014825806827276265,-0.1986780339360582,-0.13251056315276616
2025-03-24,-0.3171337679181943,0.7447334114154393,0.6432889352612619,-0.3937107909727968,0.726752196353646,0.21898993478649495,0.7067295231152316,-0.1284198922467091,0.7433345345380258,0.6360742827602067
2025-03-25,0.07724463349009082,0.4835907151733998,0.5748688139815114,0.04230904946174446,0.512940955417514,0.5481385060917175,0.5004691322975259,0.5137196773790533,0.495390928892323,0.5631567414715738
2025-03-26,0.42021256371829235,0.6253917455937504,0.539266540845186,0.39745809345228295,0.5948739838012576,0.5138471286962214,0.5446015146180839,0.44819703366657626,0.6232914609076216,0.5426982722307386
2025-03-27,0.5234842921773862,0.7048474846817355,0.6275717231997476,0.5095513133008096,0.6768003721662949,0.6602059182675293,0.6349506135818808,0.6883794205662358,0.7320181222299096,0.6543514034867739
2025-03-28,0.40033745010696864,0.7452266492200076,0.7361185070235471,0.2945657699660492,0.742386670189941,0.6916447397028087,0.7555543731692792,0.6236453684909079,0.7511715253937664,0.7459971199647562
2025-03-29,0.15717017462141028,0.6072023800133065,0.5663342666352991,0.09398279311936222,0.6017416886682514,0.2504420494234533,0.6236187249899611,0.13540113325125888,0.6290343760479757,0.6088950527694108
2025-03-30,-0.17658933079859984,0.0369473869214895,0.28099608624132527,-0.20233194638277438,0.05372415709262884,0.5453597169442839,0.0005983120689610469,0.0040815850868332615,-0.13792188569851968,0.05922054490930161
2025-03-31,0.43941259627677515,0.5784133323086902,0.5199320239918974,0.4229295530091974,0.5689586332542872,0.47543746757730054,0.5938025973025935,0.472499948968732,0.5975513844669524,0.5207620223464839
2025-04-01,0.6694611832818627,0.5425428039712645,0.5435458757195428,0.6567958816419993,0.5439337822107476,0.5882854873699787,0.58259921889961,0.7159912697059465,0.5761857996821633,0.5522304023537141
2025-04-02,0.35627928427232236,0.644213313797797,0.6094495058855041,0.33299501064861925,0.6355012310235469,0.49908284186872853,0.5678421038023469,0.30837091091433716,0.6217147805100838,0.5859211152850646
2025-04-03,0.2209271417136484,0.6227185390113823,0.6081825498011735,0.17616069838995962,0.6180290240411869,0.5369006565011276,0.5931786270081573,-0.07831513014428197,0.5981749080758384,0.5704984236365405
2025-04-04,0.7086515655345653,0.674902743099466,0.674365866853459,0.7004958240590241,0.6793673726538139,0.6818561236553983,0.6652278050138679,0.8005212537721778,0.661952484071852,0.6565618212601613
2025-04-05,0.3918055917251037,0.6565075508189065,0.6377391795519388,0.35371501679893247,0.6512185716518234,0.588851230453643,0.6541629601510468,0.6456825897420156,0.6418441930842073,0.6584428686774094
2025-04-06,-0.08641582854982624,-0.016759053114997514,-0.023524890118430106,-0.09445808771590672,-0.020096081718271812,-0.038397429209777865,-0.02714914600322019,-0.09106325298288662,-0.007908800027835611,-0.03425660772868963
2025-04-07,-0.12360710012464289,0.34427776064813487,0.1807024489855648,-0.14768951486584717,0.3033538280304289,-0.040136761022490794,0.20357741668159035,-0.032701800321305936,0.2982617338948925,0.14605708789115396
2025-04-08,0.0954643672171158,0.11335804542889368,0.1615776861139586,0.0887123251187907,0.12777591420860715,0.14653265439809282,0.15498980389085865,-0.04438353000446906,0.11577813000957131,0.15370469764760106
2025-04-09,0.24415954690053274,0.32506335918346274,0.2952698634965842,0.23587886918957546,0.31579079941386085,0.2664641883229952,0.29467429982694865,0.19100480516938695,0.3127749228074922,0.2845484106011786
2025-04-10,0.3210729612545849,0.4894674460959791,0.45457033583928536,0.3032428034769596,0.4848136236154542,0.3590133731930088,0.5011350245582319,0.2925111769210736,0.4883589071569223,0.4960852644208382
2025-04-11,0.5862802200911246,0.6503856203792862,0.6528653330041375,0.5430881362491395,0.650026257733493,0.6546962285763199,0.6629272257886986,0.5614397552407812,0.6680569740206869,0.6636489931236993
2025-04-12,0.4179502399139894,0.2945460841597447,0.3767683950520388,0.41732280371008074,0.3083110658616222,0.6241545543162799,0.3054788671205298,0.7837207907144752,0.3226555944275911,0.3296776530662642
2025-04-13,0.8142445957818331,0.7627943208575245,0.6890191642124293,0.8107612440933137,0.7402137584325414,0.6509553746213919,0.7775231013087739,0.6852689649805406,0.7826276346208554,0.7699336468559298
2025-04-14,0.623723702965871,0.6058592112856219,0.6533873684776906,0.6193514597928063,0.6571145780479971,0.6440763924768059,0.7702786251342353,0.7849322195923971,0.7595777345120743,0.5299089742243485
2025-04-15,-0.3398384964576234,0.07852033920364175,-0.10349734840040987,-0.3636368948585299,0.00681014827498963,-0.1647230713372959,0.011213197069107884,-0.16486118534427954,0.032855632460418345,-0.11936431623084683
2025-04-16,0.3653572931136116,0.5207625167689414,0.5364674619711229,0.35028044938215896,0.5370654314083095,0.4382961904618925,0.6055144586295952,0.46429314388016135,0.6073246736706562,0.5326048732838407
2025-04-17,0.6375014481330799,0.5457155226134499,0.6068523119668672,0.6351072334246872,0.5819645832831336,0.5687456042594897,0.591035144353312,0.732484007807848,0.6438860123809476,0.7098414303912111
2025-04-18,0.5246527084001268,0.6799528614781565,0.6692696269863949,0.4528974270483082,0.6768635478240401,0.6582473975206945,0.757226107700931,0.6705017050257023,0.7364775751278292,0.6727698522775751
2025-04-19,0.32242334641371984,0.8332198452029109,0.7829076686055109,0.2677413231478786,0.8154113186920703,0.7355178611108164,0.8718713311286851,0.5633354671076779,0.8695781415864448,0.8621325026940263
2025-04-20,-0.5020017817979094,0.014085406692834323,0.08460622953215638,-0.5416903535180326,0.10925128417891006,-0.14616243090801623,0.05303664835063635,-0.4837940374315367,0.024471402056043465,0.08678859014775489
2025-04-21,0.30210120199453694,0.7066201188210046,0.7236787765289516,0.2746903239957536,0.7322810727695115,0.5767602910778405,0.7932978349938754,0.4101128864789326,0.7803265662064676,0.753166115430227
2025-04-22,0.19286195122619362,-0.019897446282602805,0.021615668406223674,0.22030871926404297,-0.0036647074343627672,0.09208640959553265,0.10089006481366518,0.06772096299040141,0.004930674246903929,0.019838573323336772
2025-04-23,0.05826510091781809,0.6970359885099647,0.2049319599472884,0.047889320169596857,0.5260985172761,-0.051688068551373485,0.3887981298011091,0.08399465435678191,0.7215510680360353,0.23339916704236713
2025-04-24,-0.030457960210037348,0.5663950349979565,0.8032856311525792,-0.09724623327562798,0.7261432468232822,0.7563598601147645,0.8374729338557859,0.15491747463488792,0.5285717367126531,0.8183289118205893
2025-04-25,0.3527779550575197,0.4842847932209253,0.5923104570007862,0.3262519973428872,0.5451934252728625,0.5371570287829085,0.4696986735896764,0.4635427765468908,0.483840869759684,0.5347604697685258
2025-04-26,0.35884561318634517,0.6668493358875592,0.621474237937972,0.2603465383132851,0.639063247776828,0.6212931214198391,0.6767015549403183,0.5145829029183719,0.6947481998692465,0.6914958456945915
2025-04-27,0.7032176646209396,0.616266875299473,0.4653720069868452,0.6847326209926343,0.4530878898991933,0.7717622066010961,0.5336818722483094,0.7697356564712782,0.674824699310009,0.46858751924304215
2025-04-28,0.6344709683955977,0.8113166690077995,0.797429102197641,0.6181210982776051,0.8001172790197747,0.7769970371443551,0.7667963453648651,0.6859300429854538,0.7964621270036811,0.6975173580272598
2025-04-29,0.653212273719913,0.7493930127943107,0.659554733889172,0.6519883652175442,0.6307789118991088,0.7351491298121121,0.5698748728031918,0.6142329189680492,0.7303877962395291,0.45936074406815697
2025-04-30,0.56364644189956,0.6261357947272285,0.5959168492819699,0.5486158322900226,0.5632572659376017,0.6438787510363425,0.5892496752205297,0.5814762585992852,0.6416162630323542,0.6660208970188216
2025-05-01,0.34039338574049943,0.5078067806984771,0.5149587402722959,0.29222973420250714,0.5280502854955837,0.4915576822011488,0.5218937077041071,0.17985983989497809,0.5174887120714724,0.5214691433290739
2025-05-02,0.3768402003494799,0.6163308009932,0.45858751868892283,0.3690261094380856,0.47015764590212145,0.3371415206535564,0.3071789911588439,0.3291227832756876,0.5906653455125302,0.5400034605228007
2025-05-03,0.4405239873225148,0.43836216601418104,0.40761338556142795,0.3819206030051005,0.3382708977496998,0.598863888811793,0.4733579792317784,0.5541570109031033,0.48276187496417233,0.5434944097154554
2025-05-04,0.4852882940572878,-0.05385694534201455,-0.003122904127700157,0.5196718460133339,-0.126801636735261,0.4305105612722187,-0.08017815222996834,0.43056001279945105,-0.06482252417100799,-0.002779107649277882
2025-05-05,0.44605855462742444,0.7004070409814873,0.6532756493270063,0.4293811389058851,0.6862753384748458,0.4441691699794222,0.7216072761940331,0.4835083127800245,0.7499758648424932,0.7329369667967867
2025-05-06,-0.15431323027888447,-0.05112786527670759,-0.16646366647721697,-0.15282949658975387,0.003480648081290096,-0.27022106909578625,0.18136943965652996,-0.10687566874468263,0.06836013281867184,-0.13768142853276039
2025-05-07,0.5046441615646236,0.5305941495283266,0.5838467918177097,0.4975528272195685,0.6008642763089307,0.6286964592718942,0.6356991477289242,0.6401695652494307,0.6297551361090631,0.5887048369606244
2025-05-08,0.6144106268116613,0.30362722683317367,0.3432520853113671,0.632890760588698,0.32288660380050355,0.48271634479627024,0.3558217085215199,0.5879299906539697,0.3923875546885119,0.36197327894496684
2025-05-09,0.27864938569990244,0.6930575097781858,0.27396434511266465,0.27727337328156326,0.4767332389390083,0.07005164468821731,0.5585588064575595,0.14336914224080136,0.2552405606576834,0.4843405822064442
2025-05-10,0.5300437521493137,0.7253940421760751,0.5711371614192029,0.5105530766709104,0.6767620041944798,0.4642314679071951,0.7051147642763734,0.7264772081630873,0.6930712298560917,0.699848972116352
2025-05-11,0.6315730769090155,0.6745953525585128,0.4886747719346409,0.6412876856360277,0.5470632033479134,0.5206581156311751,0.6936264720123599,0.6982324894917267,0.5339150916272702,0.6058874928316783
2025-05-12,0.3783175868529695,0.31219974604325473,0.26469718480495713,0.3855285309327815,0.2669808359246164,0.33083269351072564,0.2703913723725838,0.32531618436135207,0.2618861598984746,0.21551771583025228
2025-05-13,0.40668978321541704,0.6253055315632255,0.6135187036374079,0.37731018077943107,0.6375785473034647,0.5411051374472886,0.6426746224490424,0.4126012697144517,0.6350841158805594,0.6227599258223979
2025-05-14,0.772406582568018,0.48959016517887205,0.4739501412410911,0.7658127610963069,0.39026936467610024,0.7016546252933847,0.5120845658682713,0.6394440889692974,0.45505461919779977,0.41161345291315715
2025-05-15,0.002722577193411368,0.48474312475665066,0.403593397084539,-0.03006948036433721,0.5463090428229623,0.12460805770378224,0.5960271017322688,0.049896787065448506,0.614397611670694,0.5650886589890983
2025-05-16,0.14658333799810472,0.22464803670756583,0.23283837224945744,0.14011701065989535,0.12299647756034482,0.25879933808743316,0.17474440725234683,-0.032998247511737036,0.0571186769032421,0.3888298249602818
2025-05-17,0.5841364207520277,0.5951195802594877,0.6520699205752417,0.556637468313511,0.5353130096252711,0.6504014473064104,0.6425825462634234,0.5421791546569326,0.5847857374783727,0.7232482835545204
2025-05-18,0.8161191451038967,0.656113639210892,0.648598774394519,0.8150671445135611,0.6892217438045831,0.6732680251018693,0.687424792575657,0.741887761555219,0.6925352177514322,0.6381941625557394
2025-05-19,0.18179423934631422,0.5274558206962685,0.4880457626450116,0.15254813944017642,0.5559598931709099,0.42090531693040834,0.5188257168585145,0.2822877981675535,0.5447977092306115,0.4339167189949527
2025-05-20,0.3223355173749185,0.5228214010316281,0.5386514697478382,0.3024287376399769,0.5680490933968229,0.5655816931476081,0.5874147932061278,0.6962559020579546,0.5660449816070808,0.49454262319975273
2025-05-21,0.5506372112422948,0.33129361464966406,0.40913590361300667,0.5599797207017596,0.3854436491547405,0.5442521191166136,0.5412156505964638,0.6765116559128461,0.5632522115537126,0.5176448590532574
2025-05-22,0.12397091325788386,0.8635151975310936,0.690102179697574,0.09513085332213994,0.8394435138651404,0.2302745223509153,0.8494931542692541,0.2588622501047394,0.7996333908229587,0.7866822605018461
2025-05-23,0.49654364968428427,0.24900182875819127,0.2246019555023425,0.5311050189579613,0.23077441451739866,0.23726011985095882,0.2531572324571976,0.46332081024224586,0.2547144440985717,0.2643264371154462
2025-05-24,0.5047136520328225,0.6334900449383682,0.6336799549539645,0.49408375772652685,0.5851951894963623,0.6663719115572679,0.6412875829147093,0.6958482124865851,0.6050014011647477,0.6432506061082619
2025-05-25,-0.22613264275787998,0.3599260684233018,0.20709600456392438,-0.2511497279401977,0.39724915851814746,-0.22265613100385032,0.2677227021811753,-0.26624104707909513,0.3919741183181298,0.3400593407767384
2025-05-26,-0.3220813715163277,0.08893117022990246,0.042057080922971404,-0.333808485551438,-0.018692209802270356,-0.09005883911172624,0.21602786040517613,-0.27889407406047845,0.17968729325146218,-0.043658047204312815
2025-05-27,0.2558513761534243,0.5127705282079891,0.5050119365858031,0.23372220432062815,0.4560546745902404,0.4662695881328096,0.44437782851055685,0.49684233320151344,0.5014972408732999,0.45155185356755373
2025-05-28,0.39096539035560324,0.4724969941835832,0.48244982420381516,0.3536997943423885,0.4619427587888642,0.49652702839680846,0.4879556172986601,0.27816341723945387,0.47717924262404415,0.4954919268642225
2025-05-29,0.14781049554126077,0.2104674218578134,0.26350562169460506,0.1342009174322383,0.20430140491197396,0.32835085633568584,0.21652696113973074,0.3271347978610681,0.2034158714479447,0.33055143943037646
2025-05-30,0.715569637237892,0.13207725934885317,0.3597249005190645,0.7364031667143002,0.15304882536870412,0.7439537435181826,0.18648078929830764,0.8203685914724902,0.14229824732146637,0.41335815090272277
2025-05-31,0.17966381065070558,0.5635373955774113,0.4000492414396814,0.15324275780375554,0.5256398086017695,0.2890046799138151,0.5450372952733394,0.35752398202295427,0.5993642492752139,0.47928441401023747
2025-06-01,0.33808724246505967,0.45411914861163616,0.2827076346869431,0.3430802727912906,0.4094049460379793,0.2744533589085376,0.4193124297738433,0.5140901185745103,0.4676580217344078,0.36457087757698736
2025-06-02,0.17581544142654476,0.5573852611880735,0.4068802965911899,0.155200108834514,0.5228473728302764,0.43649147580164066,0.5022005746949336,0.40067785212616275,0.5196609137624052,0.2675185307609164
2025-06-03,0.6362484363693257,0.7452194072624134,0.6932595345412401,0.6245764678816763,0.7292951551720676,0.7299696732921009,0.7469092386938152,0.540467598203546,0.73429537034741,0.5718657787431627
2025-06-04,0.8250626174618662,0.5291945991287227,0.6301688069770187,0.8296848555525076,0.5656780793221375,0.5689878774393443,0.6403332630916677,0.799097226638106,0.5619247017345287,0.8284428086751436
2025-06-05,0.2310075236129031,0.2750946718224837,0.30358866522382405,0.22109072734838114,0.2867046728739422,0.29366213687785736,0.2819283656388136,0.26733372227484625,0.24257625145699022,0.3269071190275429
2025-06-06,0.5188606744185017,0.8010278500192146,0.7918910306744378,0.45356420588922025,0.7987652929022008,0.768998666116542,0.8102276099335627,0.7967318940053544,0.806514965123357,0.804224101829824
2025-06-07,0.5056740694807202,0.6650568911724914,0.651569251783242,0.40481064837344255,0.6585702464604386,0.6331409796788127,0.6709742531124057,0.729191718775319,0.6994134629202546,0.6944617224007333
2025-06-08,0.2853483756059116,0.613600546469327,0.5925181811941278,0.25176834875140813,0.5967170099470586,0.5238024672418706,0.5450118238440622,0.5826091588640192,0.587495085268924,0.5849214066365828
2025-06-09,0.18829369017305567,0.19784474119526982,0.19721321481324583,0.18503273603432246,0.19271959715900425,0.21631871898696817,0.1867948887918631,0.22482136380097784,0.19279336036327543,0.1964936229331302
2025-06-10,0.6106693982584986,0.7413085290316523,0.7080673264469073,0.5973624137540842,0.7412022236729694,0.614306945448866,0.725292023943743,0.6595758841353224,0.7569096552123167,0.7834431608473237
2025-06-11,0.35661934655740996,0.2127751506396985,0.13607105851876766,0.3844200578452687,0.19783666441665487,0.1194054368787873,0.3675125657912596,0.19908350363489885,0.24431083266333423,0.13893054462548965
2025-06-12,-0.014246127131151004,-0.312482444925712,-0.28716782027716975,0.02267513893296607,-0.30541845283699076,-0.09551841189604181,-0.28045228245370263,0.3559135429358042,-0.30127950244059576,-0.42395725150347835
2025-06-13,0.46447282918215543,0.6150151440901992,0.5576159134483673,0.4561018188683588,0.597835052652896,0.4792197870778955,0.6017959370150362,0.48368634996074156,0.6277827061294322,0.6334326273000705
2025-06-14,0.2635758823165868,0.6781563505874387,0.4659617521653024,0.24577091597631448,0.630877343926613,0.05150573444698572,0.6693474130402156,0.5629315708268201,0.6865288660941005,0.6277486435440934
2025-06-15,0.6515918878027195,0.7876863506249111,0.7770151760517469,0.6372780345237934,0.7977457542036204,0.770577078137053,0.774222999507592,0.7126496511778107,0.7801632069746697,0.7798409725665729
2025-06-16,0.5765108463129139,0.7204512849062165,0.71381194345261,0.49980397565554185,0.7154458727772521,0.7232240012253963,0.7165851816778847,0.6218104896745709,0.717429045277535,0.7159937267255203
2025-06-17,0.28477543137436007,0.48836688212796137,0.47370222785801164,0.22680092026911114,0.4875390920591318,0.418550207756332,0.4923760721481106,0.23300455830333575,0.49863777930169917,0.48510242046672697
2025-06-18,0.5589451887638112,0.6566895376357988,0.7082839439657186,0.5440238237387821,0.6869230519166929,0.6624993793511952,0.6749573435085274,0.79642747050129,0.6523274749630719,0.6439802640358512
2025-06-19,0.35522344978345605,0.5270476941755549,0.593218318340486,0.33458165329799044,0.5670265472967759,0.5690738456304726,0.6189715322502606,0.6661260812176492,0.613287314881949,0.638693644427568
2025-06-20,0.23695385090119123,0.4625196420489764,0.4835055364580948,0.21214868278664156,0.4830460386474131,0.4228231978340051,0.4425838173972697,0.3044419780190864,0.46795088353349135,0.4457824885959343
2025-06-21,0.3359998665936525,0.3902520568360752,0.48535195987202295,0.32039789463347795,0.43823909706236164,0.5226034341944593,0.3549036378605512,0.7053408735399129,0.44081477215372067,0.39829995898739445
2025-06-22,0.3056288294585671,0.5426411997126378,0.5535818315068199,0.27234920771754306,0.5508170518801505,0.5242162001658663,0.5235511775492545,0.45010333063148616,0.5355427018520603,0.5185983858389019
2025-06-23,0.22590133725758008,0.09135682254304474,0.041173344918437715,0.2481474350399264,0.06331151926442234,0.05162890417795586,0.06460074029804705,0.2925422233614966,0.07422977409371327,0.02881314397010396
2025-06-24,0.4985523897207741,0.08976867052512222,0.2759638650618964,0.4903489885183355,0.05780573539036618,0.5729567172475211,0.046395228586261675,0.5078272149394704,0.09316728921071281,0.07664672299673782
2025-06-25,0.5840621864069924,0.4175803637859489,0.5243133354920227,0.5570711277790857,0.41529946436598697,0.5244624440990078,0.4386040415795616,0.4341211740323368,0.44484350261592,0.49603351486563413
2025-06-26,0.4959990940688892,0.5489277085262457,0.3825139952683323,0.5002145989789135,0.5413669858174412,0.25992740690226884,0.6764825762571048,0.48644127075270793,0.686085553668745,0.542476099737481
2025-06-27,0.5839765101678329,0.5889948827100673,0.5158864073798733,0.5679466883869649,0.5907199464847868,0.5373376087604739,0.7060591594462042,0.706868603637902,0.7061823204700793,0.6876329419828117
2025-06-28,0.48381652596210445,0.7752375954610293,0.49587162392710016,0.4797053393804688,0.7812405610916743,0.683328346273383,0.8613982677295908,0.6228276675263406,0.8454546129006989,0.7650139955169146
2025-06-29,0.5219539011133891,0.6456762049582326,0.7090993634615549,0.5023430466906719,0.6451712785812048,0.6624252302476656,0.5676124481217305,0.564496984975384,0.5546921610281482,0.6529343477805
2025-06-30,0.5994835087423308,0.6549401403445899,0.641302219067757,0.5840525733435307,0.6545686964205207,0.6499354036989758,0.6823243133603035,0.6778591864081864,0.6850476527886438,0.5563900507783136
2025-07-01,0.4184117771670274,0.40192028176083755,0.399648906719735,0.39556616253620225,0.4024522364545221,0.4146211036252631,0.4512826151287756,0.5500058250664267,0.453711381995496,0.43197261810328547
2025-07-02,0.5076239137440236,0.6590428635968588,0.6486718884410756,0.45753916918313053,0.6561081490333079,0.6186794472311092,0.6478538118756306,0.4899078338939389,0.656882058832518,0.6481090265474272
2025-07-03,0.42467908715092106,0.6837985714523049,0.6245027099755776,0.4021644443685222,0.6787331638413806,0.27795739588654456,0.7013380659883977,0.18552216905717114,0.7243521667073517,0.6883795492856035
2025-07-04,0.43247501503454355,0.573032501443716,0.5559557123869792,0.372133906450936,0.5694250512785832,0.5358656304627175,0.5842832510957652,0.33762605904833926,0.5885603888288459,0.576368045845392
2025-07-05,0.7624654119031118,0.7272141278959919,0.7894725160893142,0.7587246361379755,0.7495774374128454,0.5103101837422919,0.7829963080656528,0.6421021291268079,0.7662547835842299,0.8012288014536163
2025-07-06,0.35426600453870777,0.2492747693626656,0.2340303887136606,0.3653064484738176,0.24313217146765775,0.18692859407311374,0.28847677162670393,0.3568878740896929,0.2717014661952598,0.24781982021767848
2025-07-07,0.24514237920604953,0.37820941392082263,0.36519477022957814,0.22329563268083494,0.3759636273089845,0.33458588856917865,0.3955787028381459,0.3534288205613963,0.4256374006886739,0.4220306631183628
2025-07-08,0.6008011829139259,0.654921168785782,0.6384164486709182,0.5860944045226492,0.6498260253708629,0.6057049298836826,0.6222687697725987,0.5785243815671841,0.6793483093074492,0.7012376570993561
2025-07-09,0.25991138961071303,0.20623365996316068,0.20894796972580248,0.2650718103672792,0.205412052900761,0.22523068874419752,0.23804519152783143,0.2939231004717779,0.18741137284000522,0.21960998465607984
2025-07-10,-0.05839099232882375,-0.12966510076190757,-0.08942149674112984,-0.05444014620068559,-0.12081385309914393,0.001927975043750273,-0.11247657978466723,0.07691468912466876,-0.13906951045992758,-0.1318662473523476
2025-07-11,-0.37210930173501183,0.8465921384756485,0.4594419081367457,-0.40727402851387184,0.7916765512565719,-0.18201834806746958,0.6939033908016213,-0.08885940898608921,0.8337928732285491,0.3630027673311388
2025-07-12,0.4319213505217417,0.4297907323716611,0.1849629945557495,0.4559725213180794,0.319527838793564,0.10167675784936234,0.40818125851234993,0.6772254237692577,0.5373647756963564,0.38288327413881174
2025-07-13,0.553295467188443,0.27178771541721664,0.6028796535926803,0.5463233910433707,0.37607657436313147,0.5612492177989011,0.30713937506696404,0.3794972605011262,0.2822132890310279,0.4419181793565592
2025-07-14,-0.10616942263458028,0.42832623821463217,0.19159618679268597,-0.1313625225417781,0.3340837487116229,0.06742118929914244,0.19669559491747124,-0.0893617587879922,0.3099221714965466,0.051176314803800166
2025-07-15,-0.012428103697473006,0.8399521463957846,0.8373911469697265,-0.08157300821980466,0.8425875680422749,0.5510375151127342,0.866022561322891,-0.07498839422007864,0.8667056588305756,0.8653639050165298
2025-07-16,0.2790518376765828,0.6634123668000382,0.6415022806330218,0.21900863363611428,0.6529521556112405,0.6068940590315908,0.5667558062272862,0.08503264033494147,0.6331382951617585,0.44347134765278784
2025-07-17,0.07110609299514824,0.27359175253222484,0.28379420710051584,0.05359484820448634,0.329619194784496,0.1350223810060935,0.45606510455249005,0.14883448381154446,0.35863940400223404,0.4715879064998633
2025-07-18,0.29807505874806123,0.47610457651159754,0.4562898453664543,0.2692443622034105,0.4632134195448657,0.4260958838796145,0.4755717747116456,0.39784748814829424,0.48916171858821034,0.4859079186414251
2025-07-19,0.34076619297215727,0.332585494819404,0.4404280791571997,0.32883037664167464,0.2744618459822381,0.6831313260432476,0.30761108361499995,0.7633015695265835,0.4510134694223252,0.542860319830704
2025-07-20,0.4403039863816946,0.5757852604526439,0.6229159430210784,0.4227802190850952,0.5395664658051332,0.6210917621010589,0.6069671251853044,0.5161437783993682,0.4806404315055333,0.6607247236562782
2025-07-21,0.3160931888967494,0.46134436369299964,0.5031249420205984,0.29667942563529215,0.43591633282839587,0.5063128042348198,0.4277874167362682,0.3898881798551179,0.4222292029286933,0.6891841714598608
2025-07-22,0.4170749824591625,0.5273427696584388,0.5051810220068277,0.39476491383713985,0.5284784684364177,0.47247717895635416,0.5681104709332325,0.4665387672038598,0.5910243114383842,0.5486049408583064
2025-07-23,0.10925417014019469,0.7501052971900352,0.7102042642833897,0.02820549453422183,0.7531412762892515,0.6407794469806812,0.7793820165634588,0.4734037859635814,0.8439281555235416,0.6794056208834912
2025-07-24,0.3132053142538169,0.4460607835264145,0.4735817176974236,0.2988653169678622,0.43387186053791,0.4452157988518934,0.2826893659204011,0.306365577288444,0.3951379826646741,0.526585372886067
2025-07-25,-0.04192157662668795,0.7166417629721088,0.5394306540793344,-0.0802118951654912,0.6941841097009558,0.25128916390755174,0.7019097229274966,0.002009775478541662,0.7395141564688233,0.45905192127182987
2025-07-26,0.41898160713417587,0.541951209487135,0.4489639305246677,0.361556328307624,0.5322477964750676,0.5089109597207525,0.4973572492498925,0.0017639183723881582,0.546634220771952,0.4759623921918594
2025-07-27,0.3535259319864083,0.30771424765303923,0.2730763191587259,0.3601851163588655,0.30638874048166925,0.36840805505033675,0.28461384738926526,0.48386031779421784,0.3565778161930251,0.2820202921228975
2025-07-28,0.24657340148971457,0.42059105924585305,0.408092901173998,0.21745066519503953,0.4164121838064186,0.3511596188135693,0.4610882657545422,0.3326946370554128,0.4562540965681173,0.4680316330886332
2025-07-29,0.22767336052443868,0.4251724334536818,0.4543987953794548,0.20316097693084495,0.4278931319940451,0.4315495796643365,0.594839617904022,0.5744285702725695,0.44114634493877414,0.4971398451723781
2025-07-30,0.5863988236197211,0.6894396411211496,0.7222870043604015,0.5704013124423841,0.6967994066804734,0.7201918087615078,0.7036033875592669,0.685082688909068,0.6775776925330211,0.7225202079206533
2025-07-31,-0.507630576092549,-0.32253735027861785,-0.3025953454942448,-0.5228917878963758,-0.3166140179139616,-0.3549605098680587,-0.27397113789360894,-0.3503775964504299,-0.34901649598995654,-0.2692686450096904
2025-08-01,0.5933485346862991,0.38793545335458257,0.5260493457152514,0.5757044310550126,0.41992892335798904,0.7127234365487571,0.4862429769154515,0.7641345563165133,0.3809635774842827,0.4499577224821757
2025-08-02,0.2823148947048658,0.4079708414638745,0.5103405081566459,0.25871002159206685,0.437695043353537,0.3843619135861883,0.46671783782763615,0.21165054256504579,0.4032975737177889,0.44430466979288497
2025-08-03,0.7848535686998295,0.4417457648468732,0.3607133976867347,0.7615874906360999,0.3998440634679095,0.41264722738738185,0.45331947791557853,0.6269864891224152,0.5525652275872994,0.40831188271833924
2025-08-04,0.6192881137080766,0.5978160144241064,0.5050924855283566,0.6038710947026811,0.543621800928557,0.6445319820997241,0.6032353666856398,0.6633588666892993,0.6451312489212585,0.5324768532544489
2025-08-05,0.6778195903110749,0.6728530297103527,0.7282204457758084,0.6571005972079467,0.7069092873123214,0.6904490341526911,0.7373626349532069,0.652309280283677,0.6896711143225515,0.7640141391566997
2025-08-06,0.4343911890243253,0.5526476488749985,0.5119827948162322,0.40933660567878655,0.5293097856346402,0.5039270713418759,0.5245152938746539,0.3174845204238855,0.5516423279996382,0.5149092882676742
2025-08-07,0.3576119199398128,0.43659036173554294,0.4258954004181236,0.33984071065730925,0.42376023794213497,0.45846104266684273,0.4135697538409213,0.5172704281625276,0.4387706632538936,0.40393996787649866
2025-08-08,0.6602158343809525,0.7028990196707477,0.6546614464140292,0.643148031581011,0.7171963081427087,0.5447030654609694,0.7492784568115904,0.6432893418119934,0.7080233359889277,0.7223813277022124
2025-08-09,0.3995456164318893,0.6188288091912273,0.5830557082389151,0.3807599642343854,0.6202226452090054,0.4936217370475597,0.6097256091906427,0.4787043478869634,0.6079419839985075,0.5446372921678178
2025-08-10,0.5387882807365381,0.31847390314251284,0.415142734363721,0.5263179498369821,0.3216474368233922,0.5778594325213582,0.2945290824664108,0.5211969473369743,0.2834037880957478,0.3777881230814466
2025-08-11,-0.0007657439334204326,0.43988787350722464,0.32050659936208736,-0.029339570376675398,0.4200904866047337,0.165533956324714,0.37361341725195263,0.030053560134423847,0.41991514249754947,0.25055327293543433
2025-08-12,0.23546594437656648,0.5024428129025306,0.5407812051365567,0.21027963339843228,0.5027086161703389,0.4136706615851928,0.4951053629489431,0.15590848916429395,0.49271476979887974,0.695283805493445
2025-08-13,-0.14952674263064228,-0.15725818473385808,-0.13813317492318494,-0.14995164890340992,-0.1550353353578443,-0.15291821649017123,-0.14508612026162962,-0.019383335427554983,-0.17095223038690013,-0.08742586948400546
2025-08-14,0.2570883538252743,0.6060460158171835,0.5851179553985989,0.1973699306990166,0.6014577405391036,0.5263308330949986,0.6015521551883134,0.4598889732803742,0.6048934523062854,0.5897392062208161
2025-08-15,0.26041764575533627,0.4198812092226121,0.44476837296373,0.23518681529039015,0.4244671201484162,0.5875267068072574,0.43673066207797523,0.8079612639741455,0.43838760301509094,0.4220249356854578
2025-08-16,0.4882761350338632,0.5930302501441909,0.5804680451987606,0.4654795740656639,0.6404895789759183,0.343339342378406,0.4229525382973969,0.406304951197635,0.6535155097291467,0.5911665011249648
2025-08-17,-0.16877603934962443,0.06553821737167295,0.24263128580687804,-0.20193257979721935,0.13285475031558736,0.26885584922931366,-0.05870821119347202,-0.190156991397532,0.16200156476041708,0.08849841569786239
2025-08-18,-0.025365994546308154,0.7105263944776943,0.5606556021328267,-0.06680825263490892,0.6707542185209181,0.326805503282711,0.6719908879388696,0.1618550884121356,0.6679395688653547,0.497418509627722
2025-08-19,0.5885262571680921,0.473794697129753,0.53722518048721,0.5816282779490352,0.49316660884291263,0.6059018713422264,0.4777643841275478,0.4795623917099935,0.48024131435881406,0.5141802652073935
2025-08-20,0.5215579319000653,0.4808043355770835,0.3592119607109099,0.5359563644640348,0.4264402031485923,0.3288591757406707,0.5984895811462988,0.41179622820857886,0.5600675531814715,0.36291785054269826
2025-08-21,0.3642285328294134,0.567541483442988,0.5669085573063792,0.33404164777692413,0.5703298182716382,0.5221088608497639,0.585885613755338,0.4636311611286694,0.5914297510390694,0.7200392725925411
2025-08-22,0.3968811410003726,0.44373099195903604,0.41239511865187994,0.3871200198752419,0.42840780815492313,0.4107241351226487,0.42937060949854944,0.4140908853232705,0.42819093347831666,0.40027962750779733
2025-08-23,0.5774331807349362,0.7414995413102922,0.7329707973535169,0.5399374855591529,0.7448440102777819,0.6891666903484084,0.7616108321436525,0.733147366645204,0.7618087835351863,0.7634760094822375
2025-08-24,0.3920298157614007,0.2585214120878375,0.2750084338111395,0.40325698960603296,0.2800425715503453,0.2612302292622501,0.32546010499061095,0.32608347904498935,0.31279160977260234,0.346508058590261
2025-08-25,0.5788272916544874,0.47315194606873423,0.5653695374293988,0.5670714230699132,0.5138453763586494,0.684042180944049,0.5305488351879787,0.708049833346029,0.49082692982976306,0.5589061558819548
2025-08-26,0.28462508177487744,0.3956816374263929,0.2766900678926925,0.28438410643675976,0.3375454593132752,0.1991778706633497,0.3082425197882163,0.20926307266772148,0.38254319252218455,0.32614788165850556
2025-08-27,0.4932406993205425,0.6156780597182289,0.5324060698126549,0.4698088610132047,0.5575055688073494,0.5811286405467531,0.5793474179924515,0.4829634666630658,0.6153864314034063,0.6079204524084545
2025-08-28,0.13128263975783483,0.7106723954439261,0.7049868462748528,0.0759668182358875,0.7617788567541411,0.34689375362515423,0.864665928370511,0.23524369934487627,0.7389354925994751,0.7053355644012907
2025-08-29,0.5776992776276009,0.5076585510945663,0.5203938980696723,0.5409913682571668,0.5169468368504869,0.5286841182083327,0.5783336737028838,0.5741979620655849,0.5395900820708078,0.5320196813533654
2025-08-30,0.484511985040068,0.30082396908115533,0.1348287645667313,0.5227417482990786,0.18220389135196752,0.11314400174626559,0.26221889365257267,0.21710408908046466,0.35435395651000684,0.26808657714869055
2025-08-31,0.5087936877697448,0.7157951361521767,0.7272381424251236,0.4825978070758279,0.7440691635693388,0.6978993934033386,0.6730230243198333,0.5368322675313468,0.6340651688756779,0.743040738654203
2025-09-01,0.5782455391064762,0.6391250570628806,0.589295449338218,0.5703204287425383,0.590353955409242,0.626514485277378,0.6056933124833929,0.6120691505618342,0.6418129585418872,0.5883689508936769
2025-09-02,0.6872598941510359,0.5920616732007353,0.6187182456730013,0.6535708283189708,0.5666290430103621,0.7673039317490793,0.5963963851844708,0.7876565334832049,0.6198888970205209,0.6572084370385376
2025-09-03,0.4641053635381689,0.39409541996339753,0.461241015609265,0.45791536973701064,0.3647280224953105,0.6897825129507364,0.39534884634350614,0.5555315693296463,0.4224094960848452,0.4337164494904596
2025-09-04,,,,,,,,,,
